query_rule_id,query_matcher,query_concept_id,query_notes,scalar_threshold,threshold_direction,threshold_comparator,phenotype_id
1,hierarchy,1634946,,,,,
2,hierarchy,1634242,,,,,
3,hierarchy,1635657,,,,,
4,hierarchy,1635838,,,,,
5,hierarchy,1633544,,,,,
6,hierarchy,1633843,,,,,
7,hierarchy,1634275,,,,,
8,hierarchy,1633775,,,,,
12,hierarchy,1633369,,,,,
14,hierarchy,1633950,,,,,
15,hierarchy,1633634,,,,,
16,hierarchy,1634286,,,,,
17,hierarchy,1635593,,,,,
18,hierarchy,1633908,,,,,
19,hierarchy,1633633,,,,,
20,hierarchy,1635131,,,,,
24,hierarchy,1634764,,,,,
25,hierarchy,1633907,,,,,
26,hierarchy,1635388,,,,,
27,hierarchy,1634453,,,,,
28,hierarchy,1634124,,,,,
29,hierarchy,1634191,,,,,
30,hierarchy,1634072,,,,,
31,hierarchy,1634308,,,,,
33,hierarchy,1635631,,,,,
34,hierarchy,1633953,,,,,
35,hierarchy,1635018,,,,,
36,hierarchy,1635840,,,,,
37,hierarchy,1634175,,,,,
38,hierarchy,1635305,,,,,
39,hierarchy,1634590,,,,,
40,hierarchy,1635612,,,,,
41,hierarchy,1633362,,,,,
42,hierarchy,1633356,,,,,
43,hierarchy,1633878,,,,,
44,hierarchy,1635363,,,,,
45,hierarchy,1633987,,,,,
46,hierarchy,1635021,,,,,
47,hierarchy,1633778,,,,,
48,hierarchy,1633910,,,,,
49,hierarchy,1634499,,,,,
50,hierarchy,1634648,,,,,
51,hierarchy,1633373,,,,,
52,hierarchy,1634762,,,,,
53,hierarchy,1635309,,,,,
54,hierarchy,1634745,,,,,
55,hierarchy,1634022,,,,,
56,hierarchy,1634738,,,,,
57,hierarchy,1633283,,,,,
58,hierarchy,1633615,,,,,
59,hierarchy,1635740,Ignoring post-treatment stages,,,,
60,hierarchy,1634004,,,,,
61,hierarchy,1633978,,,,,
62,hierarchy,1634406,,,,,
63,hierarchy,1633943,,,,,
64,hierarchy,1633925,,,,,
65,hierarchy,1635888,,,,,
66,hierarchy,1634581,,,,,
67,hierarchy,1635597,,,,,
68,hierarchy,1635613,,,,,
69,hierarchy,1633864,,,,,
70,hierarchy,1635706,,,,,
71,hierarchy,1634916,,,,,
72,hierarchy,1635170,,,,,
73,hierarchy,1634618,,,,,
74,hierarchy,1635505,,,,,
75,hierarchy,1633421,,,,,
76,hierarchy,1635682,,,,,
77,hierarchy,1634654,,,,,
78,hierarchy,1634376,,,,,
79,hierarchy,1635562,,,,,
80,hierarchy,1635564,,,,,
81,hierarchy,1634213,,,,,
82,hierarchy,1633885,,,,,
83,hierarchy,1635445,,,,,
84,hierarchy,1635320,,,,,
85,hierarchy,1634119,,,,,
86,hierarchy,1634434,,,,,
87,hierarchy,1633440,,,,,
88,hierarchy,1633547,,,,,
89,hierarchy,1635142,,,,,
90,hierarchy,1635624,,,,,
91,hierarchy,1635682,,,,,
92,hierarchy,1634654,,,,,
93,hierarchy,1634376,,,,,
94,hierarchy,1635562,,,,,
95,hierarchy,1635564,,,,,
96,hierarchy,1634213,,,,,
97,hierarchy,1633885,,,,,
98,hierarchy,1635445,,,,,
99,hierarchy,1635320,,,,,
100,hierarchy,1634119,,,,,
101,hierarchy,1634434,,,,,
102,hierarchy,1633440,,,,,
103,hierarchy,1633547,,,,,
104,hierarchy,1635142,,,,,
105,hierarchy,1635624,,,,,
106,exact,8507,,,,,
107,exact,8532,,,,,
108,absence,0,,,,,
109,presence,0,,,,,
110,exact,0,,,,,
117,substring,36403188,,,,,
118,substring,44498676,,,,,
119,substring,44498007,,,,,
120,substring,36402200,,,,,
121,substring,44498671,,,,,
122,substring,36402322,,,,,
123,substring,44498673,,,,,
124,substring,44498674,,,,,
125,substring,44498675,,,,,
126,substring,44498443,,,,,
452,hierarchy,4129882,,,,,
1600,exact,4054047,,,,,
1601,exact,4301352,,,,,
1602,exact,4000882,,,,,
134,exact,4308014,,,,,
136,exact,3024653,,,,,
137,exact,0,,,,,
138,exact,44790273,Inconsistencies in observation / procedure domain?,,,,
139,exact,4127745,,,,,
141,exact,4084352,,,,,
1603,exact,4070880,,,,,
1604,exact,4172438,,,,,
144,substring,44498181,,,,,
145,substring,44498182,,,,,
146,substring,44498183,,,,,
147,substring,44498184,,,,,
148,substring,44498185,,,,,
149,substring,44498186,,,,,
150,substring,44498187,,,,,
151,substring,44499065,,,,,
152,substring,44499069,,,,,
153,substring,44499067,,,,,
154,substring,44499070,,,,,
155,exact,36768083,,,,,
156,exact,36768171,,,,,
157,exact,36769532,,,,,
158,exact,36770091,,,,,
159,exact,36770283,,,,,
160,exact,35226169,,,,,
161,exact,35225629,,,,,
162,exact,35225630,,,,,
163,exact,35225632,,,,,
164,exact,35226291,,,,,
165,exact,35226292,,,,,
166,exact,35226293,,,,,
167,exact,35225657,,,,,
168,substring,44498017,,,,,
169,substring,44498018,,,,,
170,substring,44498019,,,,,
171,substring,44498026,,,,,
172,substring,44498027,,,,,
173,substring,44498028,,,,,
174,substring,44498029,,,,,
175,substring,44498031,,,,,
176,substring,44498032,,,,,
177,substring,44498034,,,,,
178,substring,44498035,,,,,
179,substring,44498036,,,,,
180,substring,44498038,,,,,
181,substring,44498039,,,,,
111,presence,4301352,,,,,
140,exact,4295043,,,,,
135,exact,43054909,,,,,
116,presence,0,,,,,
21,hierarchy,1634123,,,,,
13,hierarchy,1634868,,,,,
11,hierarchy,1635020,,,,,
10,hierarchy,1634019,,,,,
22,hierarchy,1633743,,,,,
23,hierarchy,1634338,,,,,
9,hierarchy,1634494,,,,,
112,absence,4301352,,,,,
32,hierarchy,1635855,,,,,
115,presence,0,,,,,
453,hierarchy,40481902,,,,,
129,scalar,36305384,,1,eq,meas_value_num,
128,scalar,36305384,,0,eq,meas_value_num,
130,scalar,36305384,,2,eq,meas_value_num,
113,presence,4162591,,,,,
182,substring,44498040,,,,,
183,substring,44498041,,,,,
184,substring,44498043,,,,,
185,substring,44498049,,,,,
186,substring,44498050,,,,,
187,substring,44498051,,,,,
188,substring,44498052,,,,,
189,substring,44498053,,,,,
454,hierarchy,4131614,,,,,
191,substring,44498030,,,,,
192,substring,44498044,,,,,
193,substring,44498045,,,,,
194,substring,44498046,,,,,
195,substring,44498047,,,,,
196,substring,44498062,,,,,
197,substring,44498063,,,,,
198,substring,44498064,,,,,
199,substring,44498065,,,,,
200,substring,44498067,,,,,
201,substring,44498068,,,,,
202,substring,44498069,,,,,
203,substring,44498070,,,,,
204,substring,44498071,,,,,
205,substring,44498072,,,,,
206,substring,44498073,,,,,
207,substring,44498075,,,,,
208,substring,44498076,,,,,
209,substring,44498077,,,,,
210,substring,44498078,,,,,
211,substring,44498079,,,,,
212,substring,44498080,,,,,
455,hierarchy,4130514,,,,,
214,substring,44498084,,,,,
215,substring,44498085,,,,,
216,substring,44498086,,,,,
217,substring,44498087,,,,,
218,substring,44498088,,,,,
219,substring,44498173,,,,,
220,substring,44498174,,,,,
221,substring,44498175,,,,,
222,substring,44498176,,,,,
223,substring,44498177,,,,,
224,substring,44498178,,,,,
225,substring,44498163,,,,,
226,substring,44498164,,,,,
227,substring,44498166,,,,,
228,substring,44498167,,,,,
229,substring,44498168,,,,,
230,substring,44498169,,,,,
231,substring,44498170,,,,,
232,substring,44498171,,,,,
233,substring,44498090,,,,,
234,substring,44498092,,,,,
235,substring,44497980,,,,,
236,substring,44497989,,,,,
237,substring,44498112,,,,,
238,substring,44498119,,,,,
239,substring,44498130,,,,,
240,substring,44498132,,,,,
241,substring,44498134,,,,,
242,substring,44498656,,,,,
243,substring,44498657,,,,,
244,substring,44498660,,,,,
245,substring,44498661,,,,,
246,substring,44498662,,,,,
247,substring,44498664,,,,,
248,substring,44498665,,,,,
249,substring,44498666,,,,,
250,substring,44498678,,,,,
251,substring,44498679,,,,,
252,substring,44498681,,,,,
253,substring,44498684,,,,,
254,substring,44498687,,,,,
255,substring,44498688,,,,,
256,substring,36402341,,,,,
257,substring,44498690,,,,,
258,substring,44498691,,,,,
259,substring,44498692,,,,,
260,substring,44498693,,,,,
261,substring,44498694,,,,,
262,substring,44498695,,,,,
263,substring,44498696,,,,,
264,substring,44498697,,,,,
265,substring,44498698,,,,,
266,substring,44498702,,,,,
267,substring,44498703,,,,,
268,substring,44498736,,,,,
269,substring,44498737,,,,,
270,substring,44498738,,,,,
271,substring,44498792,,,,,
272,substring,44498801,,,,,
273,substring,44498802,,,,,
274,substring,44498805,,,,,
275,substring,44498813,,,,,
276,substring,44498816,,,,,
277,substring,44498818,,,,,
278,substring,44498821,,,,,
279,substring,44498822,,,,,
280,substring,44498823,,,,,
281,substring,44498824,,,,,
282,substring,44498826,,,,,
283,substring,44498849,,,,,
284,substring,44498875,,,,,
285,substring,44498335,,,,,
286,substring,44498885,,,,,
287,substring,36402238,,,,,
288,substring,44498341,,,,,
289,substring,44498343,,,,,
290,substring,44498344,,,,,
291,substring,44498345,,,,,
292,substring,44498550,,,,,
293,substring,44498551,,,,,
294,substring,44498552,,,,,
295,substring,44498557,,,,,
296,substring,44498560,,,,,
297,substring,44498561,,,,,
298,substring,44498563,,,,,
299,substring,44499028,,,,,
300,substring,44499031,,,,,
114,presence,0,,,,,
301,hierarchy,443388,,,,,
302,hierarchy,443399,,,,,
340,hierarchy,4029971,,,,,
127,hierarchy,4147603,"",,,,
303,hierarchy,4114222,,,,,
305,hierarchy,4115276,,,,,
306,hierarchy,4208307,,,,,
304,hierarchy,4252582,,,,,
307,hierarchy,602695,,,,,
308,hierarchy,4110591,,,,,
309,hierarchy,37395650,,,,,
310,hierarchy,37167517,,,,,
311,hierarchy,602160,,,,,
312,hierarchy,605477,,,,,
313,hierarchy,605476,,,,,
314,hierarchy,602159,,,,,
315,hierarchy,44502427,,,,,
316,hierarchy,37395648,,,,,
317,hierarchy,44502159,,,,,
318,hierarchy,608925,,,,,
319,hierarchy,37395649,,,,,
320,hierarchy,44500000,,,,,
321,hierarchy,44499678,,,,,
322,hierarchy,608926,,,,,
323,hierarchy,36713366,,,,,
324,hierarchy,602696,,,,,
325,hierarchy,602161,,,,,
326,hierarchy,36521732,,,,,
327,hierarchy,37395651,,,,,
328,hierarchy,4237133,,,,,
329,hierarchy,4233361,,,,,
330,hierarchy,4219923,,,,,
331,hierarchy,4277415,,,,,
332,hierarchy,4243327,,,,,
333,hierarchy,4009590,,,,,
334,hierarchy,4029973,,,,,
335,hierarchy,4016393,,,,,
336,hierarchy,4028540,,,,,
337,hierarchy,4052146,,,,,
338,hierarchy,4183159,,,,,
339,hierarchy,4191609,,,,,
341,hierarchy,4227888,,,,,
342,hierarchy,4030122,,,,,
343,hierarchy,4233949,,,,,
344,hierarchy,4012173,,,,,
345,hierarchy,4029986,,,,,
346,hierarchy,4240952,,,,,
347,hierarchy,4029015,,,,,
348,hierarchy,4193751,,,,,
349,hierarchy,4078953,,,,,
350,hierarchy,4172953,,,,,
351,hierarchy,4028533,,,,,
352,hierarchy,4028878,,,,,
353,hierarchy,4175678,,,,,
354,hierarchy,4331315,,,,,
355,hierarchy,4030124,,,,,
356,hierarchy,4093456,,,,,
357,hierarchy,4332050,,,,,
358,hierarchy,4045625,,,,,
359,hierarchy,4028539,,,,,
360,hierarchy,4028879,,,,,
361,hierarchy,4164740,,,,,
362,hierarchy,4055959,,,,,
363,hierarchy,4312219,,,,,
364,hierarchy,4029984,,,,,
365,hierarchy,4034839,,,,,
366,hierarchy,4148292,,,,,
367,hierarchy,4132730,,,,,
368,hierarchy,4166826,,,,,
369,hierarchy,4247921,,,,,
370,hierarchy,4198862,,,,,
371,hierarchy,4029683,,,,,
372,hierarchy,4029189,,,,,
373,hierarchy,4271564,,,,,
374,hierarchyexclusion,4252582,,,,,
375,hierarchyexclusion,602695,,,,,
376,hierarchyexclusion,4110591,,,,,
377,hierarchyexclusion,37395650,,,,,
378,hierarchyexclusion,37167517,,,,,
379,hierarchyexclusion,602160,,,,,
380,hierarchyexclusion,605477,,,,,
381,hierarchyexclusion,605476,,,,,
382,hierarchyexclusion,602159,,,,,
383,hierarchyexclusion,44502427,,,,,
384,hierarchyexclusion,37395648,,,,,
385,hierarchyexclusion,44502159,,,,,
386,hierarchyexclusion,608925,,,,,
387,hierarchyexclusion,37395649,,,,,
388,hierarchyexclusion,44500000,,,,,
389,hierarchyexclusion,44499678,,,,,
390,hierarchyexclusion,608926,,,,,
391,hierarchyexclusion,36713366,,,,,
392,hierarchyexclusion,602696,,,,,
393,hierarchyexclusion,602161,,,,,
394,hierarchyexclusion,36521732,,,,,
395,hierarchyexclusion,37395651,,,,,
396,exact,4175026,,,,,
397,exact,4173614,,,,,
398,exact,4172043,,,,,
399,exact,4174241,,,,,
400,exact,4174251,,,,,
401,exact,4173456,,,,,
402,exact,4308794,,,,,
403,exact,36305384,,,,,
404,exact,35948173,,,,,
405,exact,35952943,,,,,
406,exact,35957723,,,,,
407,exact,35962802,,,,,
408,exact,35963763,,,,,
456,hierarchy,443398,,,,,
409,scalar,0,,31,lt,tx_to_death_window,
410,hierarchyexclusion,4300118,,,,,
190,substring,44498024,,,,,
213,substring,44498082,,,,,
411,hierarchy,45769254,,,,,
412,hierarchy,4234542,,,,,
413,hierarchy,4247638,,,,,
414,hierarchy,4253672,,,,,
415,hierarchy,4077986,,,,,
416,hierarchy,4281237,,,,,
417,hierarchy,4267224,,,,,
418,hierarchy,4048230,,,,,
419,hierarchy,44498031,,,,,
420,hierarchy,44498052,,,,,
421,hierarchy,4312102,,,,,
422,hierarchy,4172794,,,,,
423,hierarchy,4177005,,,,,
424,hierarchy,4252092,,,,,
425,hierarchy,44498046,,,,,
426,hierarchy,4245511,,,,,
427,hierarchy,4200443,,,,,
428,hierarchy,4203558,,,,,
429,hierarchy,4097520,,,,,
430,hierarchy,4157480,,,,,
431,hierarchy,4151149,,,,,
432,hierarchy,4141892,,,,,
433,hierarchy,4216712,,,,,
434,hierarchy,4218592,,,,,
435,hierarchy,4034273,,,,,
436,hierarchy,4132888,,,,,
437,hierarchy,44498177,,,,,
438,hierarchy,4002724,,,,,
439,hierarchy,4047227,,,,,
440,hierarchy,4095277,,,,,
441,hierarchy,4071048,,,,,
442,hierarchy,42872725,,,,,
443,hierarchy,37156983,,,,,
444,hierarchy,4181509,,,,,
445,hierarchy,4164276,,,,,
446,hierarchy,4226402,,,,,
447,hierarchy,4212481,,,,,
448,hierarchy,1242316,,,,,
449,hierarchy,4133453,,,,,
450,hierarchy,44498092,,,,,
451,hierarchy,4074811,,,,,
1605,exact,4301352,,,,,
1242,exact,44501310,,,,,
457,hierarchy,443398,,,,,
142,presence,4139715,There is no suitable radiation oncologist code?,,,,
143,presence,4147722,,,,,
131,scalar,36305384,,3,eq,meas_value_num,
132,scalar,36305384,,4,eq,meas_value_num,
133,scalar,36305384,,5,eq,meas_value_num,
832,scalar,0,,15,lt,referral_to_specialist_window,
1606,hierarchy,36769180,,,,,
1607,phenotype,0,,,,,1
833,exact,36561408,,,,,
834,exact,44500480,,,,,
838,exact,36568076,,,,,
839,exact,36519440,,,,,
842,exact,36549665,,,,,
844,exact,36555815,,,,,
847,exact,44499502,,,,,
848,exact,36559407,,,,,
850,exact,44503093,,,,,
851,exact,36560950,,,,,
852,exact,44501560,,,,,
853,exact,36540480,,,,,
858,exact,36529740,,,,,
863,exact,36534372,,,,,
868,exact,36565111,,,,,
869,exact,36537983,,,,,
876,exact,44502676,,,,,
877,exact,44500629,,,,,
882,exact,44499621,,,,,
888,exact,36521131,,,,,
906,exact,36567740,,,,,
907,exact,36539584,,,,,
909,exact,36530883,,,,,
910,exact,36544195,,,,,
913,exact,36561609,,,,,
916,exact,36520147,,,,,
921,exact,36545761,,,,,
924,exact,36524261,,,,,
925,exact,44500713,,,,,
932,exact,36531963,,,,,
937,exact,36554509,,,,,
938,exact,44501264,,,,,
939,exact,36545302,,,,,
946,exact,36561198,,,,,
948,exact,36559156,,,,,
949,exact,36552502,,,,,
950,exact,36532027,,,,,
1023,exact,36517902,,,,,
1025,exact,255507,,,,,
1026,exact,36533267,,,,,
1027,exact,36551189,,,,,
1028,exact,36522526,,,,,
1029,exact,36537376,,,,,
1031,exact,36566049,,,,,
1033,exact,36548653,,,,,
1036,exact,35225649,,,,,
1037,exact,36558387,,,,,
1038,exact,44499508,,,,,
1041,exact,36522039,,,,,
1044,exact,36553794,,,,,
1045,exact,42512456,,,,,
1046,exact,36556873,,,,,
1047,exact,36560457,,,,,
1049,exact,36553295,,,,,
1050,exact,36546641,,,,,
1051,exact,36522071,,,,,
1052,exact,36520025,,,,,
1053,exact,36529246,,,,,
1054,exact,36547678,,,,,
1055,exact,36520033,,,,,
1056,exact,36541027,,,,,
1058,exact,36521066,,,,,
1059,exact,36567150,,,,,
1060,exact,36561009,,,,,
1061,exact,36536437,,,,,
1063,exact,36518010,,,,,
1064,exact,36534909,,,,,
1066,exact,36565633,,,,,
1067,exact,36533381,,,,,
1068,exact,45772933,,,,,
1069,exact,36567179,,,,,
1070,exact,36531347,,,,,
1074,exact,42512038,,,,,
1076,exact,45768884,,,,,
831,exact,44788800,,,,,
1013,exact,44500458,,,,,
1016,exact,36566002,,,,,
1017,exact,44503539,,,,,
1019,exact,44502006,,,,,
956,exact,36536141,,,,,
957,exact,44500302,,,,,
959,exact,44500303,,,,,
960,exact,36548947,,,,,
966,exact,44502876,,,,,
972,exact,44500843,,,,,
974,exact,36558192,,,,,
978,exact,36564347,,,,,
982,exact,36561283,,,,,
985,exact,36517257,,,,,
988,exact,42511764,,,,,
990,exact,44502936,,,,,
996,exact,44501411,,,,,
1001,exact,36549552,,,,,
1003,exact,44500918,,,,,
1007,exact,36561356,,,,,
1008,exact,36560845,,,,,
1010,exact,36568021,,,,,
953,exact,44500809,,,,,
1116,exact,36560716,,,,,
1121,exact,44501844,,,,,
1122,exact,44501335,,,,,
1123,exact,44499800,,,,,
1125,exact,42512222,,,,,
1127,exact,36529004,,,,,
1129,exact,44500343,,,,,
1130,exact,36563834,,,,,
1133,exact,45769094,,,,,
1135,exact,36551562,,,,,
1136,exact,40492938,,,,,
1137,exact,36537230,,,,,
1138,exact,44501394,,,,,
1139,exact,36561810,,,,,
1141,exact,36535188,,,,,
1143,exact,42512286,,,,,
1145,exact,36567972,,,,,
1146,exact,44502436,,,,,
1147,exact,44502952,,,,,
1149,exact,44505009,,,,,
1150,exact,36531122,,,,,
1151,exact,44502961,,,,,
1153,exact,44505015,,,,,
1154,exact,42512311,,,,,
1155,exact,36559289,,,,,
1156,exact,36525516,,,,,
1243,exact,45769034,,,,,
1244,exact,36563276,,,,,
1245,exact,36559186,,,,,
1246,exact,36567381,,,,,
1247,exact,36548953,,,,,
1248,exact,36526433,,,,,
1249,exact,36526440,,,,,
1250,exact,36548970,,,,,
1251,exact,42512747,,,,,
1252,exact,44501357,,,,,
1253,exact,42512752,,,,,
1254,exact,4110705,,,,,
1255,exact,42512758,,,,,
1256,exact,36561274,,,,,
1257,exact,44501388,,,,,
1258,exact,36522392,,,,,
1259,exact,44501404,,,,,
1260,exact,44501408,,,,,
1261,exact,36520353,,,,,
1262,exact,42512800,,,,,
1263,exact,42512801,,,,,
1264,exact,36530605,,,,,
1265,exact,46272955,,,,,
1266,exact,36522427,,,,,
1267,exact,44501438,,,,,
1268,exact,36555199,,,,,
1269,exact,36567491,,,,,
1270,exact,36567502,,,,,
1271,exact,36536786,,,,,
1272,exact,36534747,,,,,
1273,exact,42512859,,,,,
1274,exact,44499422,,,,,
1275,exact,44501471,,,,,
1276,exact,36559328,,,,,
1277,exact,36518368,,,,,
1278,exact,36567522,,,,,
1279,exact,42512867,,,,,
1280,exact,44503537,,,,,
1281,exact,44503538,,,,,
1282,exact,36542965,,,,,
1283,exact,44501493,,,,,
1284,exact,36567546,,,,,
1285,exact,36536832,,,,,
1286,exact,44501516,,,,,
1287,exact,36567582,,,,,
1288,exact,44499488,,,,,
1289,exact,36549159,,,,,
1290,exact,36536884,,,,,
1291,exact,44501558,,,,,
1292,exact,44501559,,,,,
1293,exact,36549175,,,,,
1294,exact,44499513,,,,,
1295,exact,44501567,,,,,
1296,exact,36549186,,,,,
1297,exact,36536903,,,,,
1298,exact,36532816,,,,,
1299,exact,44501585,,,,,
1300,exact,36520546,,,,,
1301,exact,36563562,,,,,
1302,exact,36538987,,,,,
1303,exact,44501613,,,,,
1304,exact,36541038,,,,,
1305,exact,44501617,,,,,
1306,exact,36530830,,,,,
1307,exact,36565647,,,,,
1308,exact,36563600,,,,,
1309,exact,36543118,,,,,
1310,exact,36534932,,,,,
1311,exact,36530839,,,,,
1312,exact,36526753,,,,,
1313,exact,36553379,,,,,
1314,exact,44499623,,,,,
1315,exact,36551342,,,,,
1316,exact,35226293,,,,,
1317,exact,36524730,,,,,
1318,exact,44501707,,,,,
1319,exact,44501709,,,,,
1320,exact,36547280,,,,,
1321,exact,36530898,,,,,
1322,exact,36543187,,,,,
1323,exact,36545242,,,,,
1324,exact,44499676,,,,,
1325,exact,36528862,,,,,
1326,exact,44499686,,,,,
1327,exact,36520679,,,,,
1328,exact,44499688,,,,,
1329,exact,36563697,,,,,
1330,exact,36559603,,,,,
1331,exact,36535031,,,,,
1332,exact,36518654,,,,,
1333,exact,36532996,,,,,
1334,exact,44499718,,,,,
1335,exact,36545286,,,,,
1077,exact,42512569,,,,,
1082,exact,36554949,,,,,
1083,exact,44501188,,,,,
1084,exact,36558022,,,,,
1085,exact,37311684,,,,,
1086,exact,4243139,,,,,
1087,exact,4162250,,,,,
1090,exact,36548825,,,,,
1094,exact,44500730,,,,,
1096,exact,36541699,,,,,
1097,exact,36525316,,,,,
1098,exact,36517638,,,,,
1100,exact,36562191,,,,,
1103,exact,36565274,,,,,
1104,exact,44502810,,,,,
1105,exact,36564768,,,,,
1106,exact,44501795,,,,,
1107,exact,36536619,,,,,
1112,exact,44500290,,,,,
1113,exact,36526919,,,,,
1114,exact,45769033,,,,,
1159,exact,44500433,,,,,
1161,exact,36551125,,,,,
1162,exact,44499432,,,,,
1163,exact,36517354,,,,,
1165,exact,36770283,,,,,
1166,exact,36556806,,,,,
1167,exact,36534280,,,,,
1168,exact,36560910,,,,,
1169,exact,36548626,,,,,
1170,exact,36567060,,,,,
1171,exact,36530197,,,,,
1172,exact,36538391,,,,,
1173,exact,36558877,,,,,
1174,exact,36532255,,,,,
1175,exact,36560935,,,,,
1176,exact,44503098,,,,,
1177,exact,4245564,,,,,
1178,exact,44499007,,,,,
1179,exact,36538432,,,,,
1180,exact,44499010,,,,,
1181,exact,44501059,,,,,
1182,exact,44501061,,,,,
1183,exact,36532293,,,,,
1184,exact,36546635,,,,,
1185,exact,44501086,,,,,
1186,exact,44503136,,,,,
1187,exact,36538464,,,,,
1188,exact,44503138,,,,,
1189,exact,44503150,,,,,
1190,exact,44503152,,,,,
1191,exact,36556919,,,,,
1192,exact,42512505,,,,,
1193,exact,44501124,,,,,
1194,exact,45772938,,,,,
1195,exact,45772939,,,,,
1196,exact,36532368,,,,,
1197,exact,42512532,,,,,
1198,exact,36563105,,,,,
1199,exact,36550822,,,,,
1200,exact,36530344,,,,,
1201,exact,36556975,,,,,
1202,exact,45768880,,,,,
1203,exact,45768879,,,,,
1204,exact,45768881,,,,,
1205,exact,45768883,,,,,
1206,exact,45768885,,,,,
1207,exact,36546742,,,,,
1208,exact,45768886,,,,,
1209,exact,44501179,,,,,
1210,exact,36518085,,,,,
1211,exact,44501191,,,,,
1212,exact,45768916,,,,,
1213,exact,36532437,,,,,
1214,exact,36538582,,,,,
1215,exact,45768919,,,,,
1216,exact,45768920,,,,,
1217,exact,45768921,,,,,
1218,exact,45768922,,,,,
1219,exact,45768923,,,,,
1220,exact,45768918,,,,,
1221,exact,45768917,,,,,
1222,exact,45768928,,,,,
1223,exact,45768930,,,,,
1224,exact,45768931,,,,,
1225,exact,45768932,,,,,
1226,exact,42512616,,,,,
1227,exact,36552939,,,,,
1228,exact,42512620,,,,,
1229,exact,36520186,,,,,
1230,exact,4110589,,,,,
1231,exact,4110590,,,,,
1232,exact,36530431,,,,,
1233,exact,36546823,,,,,
1234,exact,36550921,,,,,
1235,exact,36565269,,,,,
1236,exact,36518168,,,,,
1237,exact,36528414,,,,,
1238,exact,36524328,,,,,
1239,exact,36550952,,,,,
1240,exact,36559151,,,,,
1241,exact,36522300,,,,,
1336,exact,44499726,,,,,
1337,exact,44499730,,,,,
1338,exact,36565786,,,,,
1339,exact,36561693,,,,,
1340,exact,44499741,,,,,
1341,exact,44501791,,,,,
1342,exact,44501794,,,,,
1343,exact,36561699,,,,,
1344,exact,36535081,,,,,
1345,exact,36565803,,,,,
1346,exact,36520748,,,,,
1347,exact,36545324,,,,,
1348,exact,36535086,,,,,
1349,exact,36533051,,,,,
1350,exact,44501834,,,,,
1351,exact,4115276,,,,,
1352,exact,36541263,,,,,
1353,exact,44499794,,,,,
1354,exact,36547411,,,,,
1355,exact,36518742,,,,,
1356,exact,36539223,,,,,
1357,exact,36545372,,,,,
1358,exact,36567908,,,,,
1359,exact,36537196,,,,,
1360,exact,36520819,,,,,
1361,exact,36520827,,,,,
1362,exact,36545406,,,,,
1363,exact,44501887,,,,,
1364,exact,36557699,,,,,
1365,exact,36549522,,,,,
1366,exact,44499863,,,,,
1367,exact,36518808,,,,,
1368,exact,44499866,,,,,
1369,exact,36547483,,,,,
1370,exact,36537250,,,,,
1371,exact,36539299,,,,,
1372,exact,44501926,,,,,
1373,exact,44499882,,,,,
1374,exact,36531120,,,,,
1375,exact,44499889,,,,,
1376,exact,36541362,,,,,
1377,exact,36541364,,,,,
1378,exact,36557751,,,,,
1379,exact,36547511,,,,,
1380,exact,36555703,,,,,
1381,exact,44499900,,,,,
1382,exact,36531136,,,,,
1383,exact,36527049,,,,,
1384,exact,36557771,,,,,
1385,exact,44499915,,,,,
1386,exact,36561870,,,,,
1387,exact,36520917,,,,,
1388,exact,36559841,,,,,
1389,exact,36549605,,,,,
1390,exact,44499947,,,,,
1391,exact,44499951,,,,,
1392,exact,36525052,,,,,
1393,exact,36561916,,,,,
1394,exact,36555776,,,,,
1395,exact,36561922,,,,,
1396,exact,36525066,,,,,
1397,exact,36551697,,,,,
1398,exact,36520977,,,,,
1399,exact,36559892,,,,,
1400,exact,36525101,,,,,
1401,exact,36553787,,,,,
1402,exact,44500048,,,,,
1403,exact,44502106,,,,,
1404,exact,44500061,,,,,
1405,exact,44502109,,,,,
1406,exact,36533348,,,,,
1407,exact,44500072,,,,,
1408,exact,36539497,,,,,
1409,exact,36555882,,,,,
1410,exact,36537460,,,,,
1411,exact,36543615,,,,,
1412,exact,765056,,,,,
1413,exact,36533384,,,,,
1414,exact,36549769,,,,,
1415,exact,36531338,,,,,
1416,exact,36566155,,,,,
1417,exact,36551818,,,,,
1418,exact,36551824,,,,,
1419,exact,44502161,,,,,
1420,exact,44500114,,,,,
1421,exact,36562068,,,,,
1422,exact,44502176,,,,,
1423,exact,36529321,,,,,
1424,exact,36566204,,,,,
1425,exact,36531398,,,,,
1426,exact,36541640,,,,,
1427,exact,44500183,,,,,
1428,exact,44500188,,,,,
1429,exact,44500190,,,,,
1430,exact,44502238,,,,,
1431,exact,36531433,,,,,
1432,exact,44500201,,,,,
1433,exact,36527345,,,,,
1434,exact,36535538,,,,,
1435,exact,36547828,,,,,
1436,exact,36560118,,,,,
1437,exact,36545785,,,,,
1438,exact,36529404,,,,,
1439,exact,36523265,,,,,
1440,exact,36519172,,,,,
1441,exact,36535558,,,,,
1442,exact,36533515,,,,,
1443,exact,36539661,,,,,
1444,exact,44500239,,,,,
1445,exact,36541713,,,,,
1446,exact,42511643,,,,,
1447,exact,36523297,,,,,
1448,exact,44502320,,,,,
1449,exact,44502329,,,,,
1450,exact,42511673,,,,,
1451,exact,44502334,,,,,
1452,exact,44500287,,,,,
1453,exact,44502341,,,,,
1454,exact,36402516,,,,,
1455,exact,36531543,,,,,
1456,exact,36537690,,,,,
1457,exact,36549979,,,,,
1458,exact,36566369,,,,,
1459,exact,42511724,,,,,
1460,exact,36517234,,,,,
1461,exact,44502390,,,,,
1462,exact,44500348,,,,,
1463,exact,44500356,,,,,
1464,exact,44500359,,,,,
1465,exact,36539786,,,,,
1466,exact,36566412,,,,,
1467,exact,36552086,,,,,
1468,exact,44502426,,,,,
1469,exact,42511775,,,,,
1470,exact,36537768,,,,,
1471,exact,36529581,,,,,
1472,exact,36533687,,,,,
1473,exact,44502456,,,,,
1474,exact,44502457,,,,,
1475,exact,44500414,,,,,
1476,exact,44500415,,,,,
1477,exact,36539842,,,,,
1478,exact,44502466,,,,,
1479,exact,42511824,,,,,
1480,exact,36519384,,,,,
1481,exact,36543960,,,,,
1482,exact,44500448,,,,,
1483,exact,42511853,,,,,
1484,exact,36543984,,,,,
1485,exact,36527609,,,,,
1486,exact,42511869,,,,,
1487,exact,36525571,,,,,
1488,exact,44500486,,,,,
1489,exact,36552199,,,,,
1490,exact,36527622,,,,,
1491,exact,36556298,,,,,
1492,exact,36539915,,,,,
1493,exact,44502543,,,,,
1494,exact,44502549,,,,,
1495,exact,36529691,,,,,
1496,exact,36529692,,,,,
1497,exact,36564508,,,,,
1498,exact,36537900,,,,,
1499,exact,42511919,,,,,
1500,exact,36517425,,,,,
1501,exact,36558400,,,,,
1502,exact,36521546,,,,,
1503,exact,36525643,,,,,
1504,exact,36550225,,,,,
1505,exact,42511962,,,,,
1506,exact,44500573,,,,,
1507,exact,36535903,,,,,
1508,exact,44502623,,,,,
1509,exact,44500577,,,,,
1510,exact,36548193,,,,,
1511,exact,36544100,,,,,
1512,exact,36554343,,,,,
1513,exact,36548201,,,,,
1514,exact,36531819,,,,,
1515,exact,42511979,,,,,
1516,exact,36560499,,,,,
1517,exact,36544137,,,,,
1518,exact,36521609,,,,,
1519,exact,36521617,,,,,
1520,exact,36542106,,,,,
1521,exact,42512028,,,,,
1522,exact,36556450,,,,,
1523,exact,44500647,,,,,
1524,exact,42512043,,,,,
1525,exact,44502703,,,,,
1526,exact,36558515,,,,,
1527,exact,36517557,,,,,
1528,exact,44502711,,,,,
1529,exact,42512060,,,,,
1530,exact,36531901,,,,,
1531,exact,36552385,,,,,
1532,exact,36538056,,,,,
1533,exact,36556491,,,,,
1534,exact,36558543,,,,,
1535,exact,36546260,,,,,
1536,exact,44500710,,,,,
1537,exact,36548326,,,,,
1538,exact,42512102,,,,,
1539,exact,44502764,,,,,
1540,exact,42512108,,,,,
1541,exact,36531952,,,,,
1542,exact,44502769,,,,,
1543,exact,44502772,,,,,
1544,exact,44500726,,,,,
1545,exact,44502784,,,,,
1546,exact,36529938,,,,,
1547,exact,36562727,,,,,
1548,exact,42512167,,,,,
1549,exact,44500790,,,,,
1550,exact,36532026,,,,,
1551,exact,36536126,,,,,
1552,exact,36566849,,,,,
1553,exact,36523843,,,,,
1554,exact,36556614,,,,,
1555,exact,44502856,,,,,
1556,exact,42512203,,,,,
1557,exact,36527952,,,,,
1558,exact,36403024,,,,,
1559,exact,36544341,,,,,
1560,exact,44502885,,,,,
1561,exact,44500841,,,,,
1562,exact,36546410,,,,,
1563,exact,36562795,,,,,
1564,exact,42512246,,,,,
1565,exact,44500855,,,,,
1566,exact,44500865,,,,,
1567,exact,36556677,,,,,
1568,exact,44502921,,,,,
1569,exact,36403081,,,,,
1570,exact,42512265,,,,,
1571,exact,36554642,,,,,
1572,exact,36519829,,,,,
1573,exact,36530069,,,,,
1574,exact,44502938,,,,,
1575,exact,4155293,,,,,
1576,exact,44504991,,,,,
1577,exact,44502943,,,,,
1578,exact,44502949,,,,,
1579,exact,44505002,,,,,
1580,exact,36562863,,,,,
1581,exact,36564925,,,,,
1582,exact,36554688,,,,,
1583,exact,36526019,,,,,
1584,exact,44500933,,,,,
1585,exact,42512326,,,,,
1586,exact,36403149,,,,,
1587,exact,42512336,,,,,
1588,exact,36716500,,,,,
1589,exact,36560854,,,,,
1590,exact,44503004,,,,,
1591,exact,36556766,,,,,
1592,exact,44503010,,,,,
1593,exact,44503017,,,,,
1594,exact,44503018,,,,,
1595,exact,36532214,,,,,
1596,exact,44500984,,,,,
1597,exact,44503034,,,,,
1598,exact,42512380,,,,,
1599,exact,36554751,,,,,
